title,header,link
Gilan Holdinq,"Gilan Tikinti. GILAN HOLDING-in tikinti sektoru əsas diqqətini Azərbaycanda yüksək səviyyəli tikinti işlərinin həyata keçirilməsinə yönəltmişdir. Inspection ...
",/url?q=https://www.gilanholding.com/&sa=U&ved=2ahUKEwjD4vvOovDrAhVEtXEKHWMoATwQFjAAegQICBAB&usg=AOvVaw0jaT7WxlP2esCfqN_4Q7xX
VAKANSİYALAR / Karyera / Gilan Holdinq, · ,/url?q=https://www.gilanholding.com/careers/vacancies&sa=U&ved=2ahUKEwjD4vvOovDrAhVEtXEKHWMoATwQFjABegQIBhAB&usg=AOvVaw0RV2Rvg4lE4OSk5KmqgijJ
Gilan Holding — Vikipediya, · ,/url?q=https://az.wikipedia.org/wiki/Gilan_Holding&sa=U&ved=2ahUKEwjD4vvOovDrAhVEtXEKHWMoATwQFjAMegQIARAB&usg=AOvVaw3awiwetxHJJgsuX28ff0UR
Gilan Holdinq-də ən son vakansiyalar | Edumap.az, · ,/url?q=https://edumap.az/gilan-holdinq-de-en-son-vakansiyalar/&sa=U&ved=2ahUKEwjD4vvOovDrAhVEtXEKHWMoATwQFjARegQIChAB&usg=AOvVaw11Ilj4U9NC9_o0tf5R54wU
"""Gilan Holding"" işçilər axtarır - VAKANSİYALAR - FED.az",... others) it has established itself as a world-class organisation. Günaydın · KFC · Qaya Real Estate · Vitafarma · Media · Karyera · Əlaqə · Gilan Holdinq · Karyera ...,/url?q=https://fed.az/az/biznes/gilan-holding-isciler-axtarir-vakansiyalar-65329&sa=U&ved=2ahUKEwjD4vvOovDrAhVEtXEKHWMoATwQFjASegQIBRAB&usg=AOvVaw2efhtdV7gW1bguZvKkNrnD
"""Gilan Holdinq"" 19 vakansiya üzrə işçi axtarır! | Banco.az",: ,/url?q=https://banco.az/az/news/gilan-holdinq-33-vakansiya-uzre-isci-axtarir&sa=U&ved=2ahUKEwjD4vvOovDrAhVEtXEKHWMoATwQFjATegQIAhAB&usg=AOvVaw20iXaXaOpj3EfwJcdN2lnr
Gilan Holding | LinkedIn,: ,/url?q=https://www.linkedin.com/company/gilan-holding&sa=U&ved=2ahUKEwjD4vvOovDrAhVEtXEKHWMoATwQFjAaegQIABAB&usg=AOvVaw1qCM8arj5UHdono1gSoQFF
Gilan Holding - Admedia Reklam Agentliyi,Gilan Holdinq 1987-ci ildən Azərbaycanda irimiqyaslı layihələrə sərmayələr yatırır. Şirkət Azərbaycan iqtisadiyyatının dünya bazarında iştirakını təmin etməklə ...,/url?q=https://admedia.az/az/portfolio/gilan-holding&sa=U&ved=2ahUKEwjD4vvOovDrAhVEtXEKHWMoATwQFjAbegQICRAB&usg=AOvVaw1vDhNAN70zNhHrn2Wd6IxY
"""Gilan Holding""in və ona daxil olan bir sıra şirkətlərin nizamnamə ...",Təhlükəsizlik əməkdaşı (Qadın) Azərbaycan / Bakı Digər 28-03-2018 Ətraflı Baş Nəzarət Direktoru (Gilan Kənd Təsərrüfatı Qrupu) Azərbaycan / Bakı Kə.,/url?q=https://apa.az/az/sahibkarliq/gilan-holdingin-ve-ona-daxil-olan-bir-sira-sirketlerin-nizamname-kapitallarinin-artirilmasi-gozlenilir-538208&sa=U&ved=2ahUKEwjD4vvOovDrAhVEtXEKHWMoATwQFjAcegQICxAB&usg=AOvVaw0f_JlEVMvpje1DlvHZHNV1
title,header,link
Carçıoğlu Group Vakansiya Elan Edir-Buqelemun | Tələbə Portalı,: ,/url?q=https://www.buqelemun.com/az/2020/carcioglu-group-vakansiya-elan-edir/&sa=U&ved=2ahUKEwiGidr1ovDrAhWIsRQKHdBaDbQQFjAGegQIBxAB&usg=AOvVaw3Pf2D0ppMCDwRnnBUIiVY0
Carçıoğlu Group işçi axtarır - VAKANSİYA - FED.az,"Carçıoğlu Group MMC fəaliyyətə başladığı andan etibarən professional səviyyədə möhkəmlənmək, fəaliyyətinin hüdudlarını genişləndirmək və xidmətlərinin ...",/url?q=https://fed.az/az/sosial/carcioglu-group-isci-axtarir-vakansiya-35310&sa=U&ved=2ahUKEwiGidr1ovDrAhWIsRQKHdBaDbQQFjAHegQIBhAB&usg=AOvVaw3qJ1jbxBw6UCHG8J87luSX
"Carçıoğlu Group MMC — вакансия компании, информация о ...","FED.az xəbər verir ki, “Carçıoğlu Group” MMC şirkəti satış nümayəndəsi vakansiyalarını açıq elan edir. Namizədlərə olan tələblər: • Cinsi /K • Yaş həddi 23-30",/url?q=http://www.rabota.az/vacancy/company/16655&sa=U&ved=2ahUKEwiGidr1ovDrAhWIsRQKHdBaDbQQFjAIegQICBAB&usg=AOvVaw1rzIoIVjSu6zpBwL5G9UFv
Carçıoğlu Group şirkəti üzrə vakansiyalar— Offer.az,Carçıoğlu Qrup ” MMC bir distributor kimi qısa müddət ərzində Azərbaycan bazarında öz mövqeyini tutub və bu sahədə gördüyü işləri uğurla davam ...,/url?q=https://www.offer.az/sirket/carcioglu-group/&sa=U&ved=2ahUKEwiGidr1ovDrAhWIsRQKHdBaDbQQFjAJegQIARAB&usg=AOvVaw3pwS_t3xEJTVqguiJbGK-M
Carçıoğlu Group (@carchioglugroup) • Instagram photos and videos,"Carçıoğlu Group üzrə vakansiya siyahısı - 2019/2020. Vakansiya, CV və digər məsələlərlə bağlı sualları support@offer.az elektron ünvanına göndərə bilərsiniz.",/url?q=https://www.instagram.com/carchioglugroup/&sa=U&ved=2ahUKEwiGidr1ovDrAhWIsRQKHdBaDbQQFjAKegQIChAB&usg=AOvVaw3zfmCWE70T3i_xTg5VBlVu
"""CARÇIOĞLU Group"" MMC -nin məhsulların... - Carçıyevlər ...","Carçıoğlu Group. Hər ab-havaya uyğun içkilər bizdə   Baku, Azerbaijan +994(55) 505 15 99 +994 (55) 505 15 38 #carchioglugroup www.carchioglu.com.",/url?q=https://www.facebook.com/Carcioglu/posts/car%25C3%25A7io%25C4%259Flu-group-mmc-nin-m%25C9%2599hsullar%25C4%25B1n-b%25C9%2599zil%25C9%2599ri/963352357171143/&sa=U&ved=2ahUKEwiGidr1ovDrAhWIsRQKHdBaDbQQFjALegQIAxAB&usg=AOvVaw3DDs6KEIt_ms7xJdbuKkwy
"""Carçıoğlu GROUP”un elektrod zavodunda işlər sürətlə davam edir ...","""CARÇIOĞLU Group"" MMC -nin məhsulların bəziləri.",/url?q=https://marja.az/news/20177&sa=U&ved=2ahUKEwiGidr1ovDrAhWIsRQKHdBaDbQQFjAMegQIBBAB&usg=AOvVaw346rlbERyBdj96IcicY4xf
“Carçıoğlu Group” MMC Archives - Muhasibat.Az,"Qazax rayonunda ""Carçıoğlu GROUP” MMC tərəfindən elektrod zavodu tikilir. "" Marja"" xəbər verir ki, Qazax rayon İcra Hakimiyyətinin başçısı ...",/url?q=https://muhasibat.az/tag/carcioglu-group-mmc/&sa=U&ved=2ahUKEwiGidr1ovDrAhWIsRQKHdBaDbQQFjANegQIAhAB&usg=AOvVaw1wKLR1sx5KT_ETP_S5m8eU
“Carçıoğlu”nun yeni zavodu açılışa hazırdır – FOTOLAR – Yenicag.Az,Vakansiya: Mühasib İşəgötürən: Carçıoğlu Group MMC Şəhər: Bakı Yaş: 24 – 30 yaş Cins: Fərqi yoxdur Təhsil: Ali İş təcrübəsi: 1 ildən 3 ilə qədər Əlaqədar ...,/url?q=https://yenicag.az/carcioglunun-yeni-zavodu-acilisa-hazirdir-fotolar/&sa=U&ved=2ahUKEwiGidr1ovDrAhWIsRQKHdBaDbQQFjAUegQICRAB&usg=AOvVaw1ANECuFKxqFBN9gXv42glw
Gilan Holdinq,"Gilan Tikinti. GILAN HOLDING-in tikinti sektoru əsas diqqətini Azərbaycanda yüksək səviyyəli tikinti işlərinin həyata keçirilməsinə yönəltmişdir. Inspection ...
",/url?q=https://www.gilanholding.com/&sa=U&ved=2ahUKEwiIpdr1ovDrAhWJ2BQKHVP9AKcQFjAAegQIBxAB&usg=AOvVaw0wnKIHRDgxUYGcI6U4JLAe
VAKANSİYALAR / Karyera / Gilan Holdinq, · ,/url?q=https://www.gilanholding.com/careers/vacancies&sa=U&ved=2ahUKEwiIpdr1ovDrAhWJ2BQKHVP9AKcQFjABegQIChAB&usg=AOvVaw0lHE5vnWTHslES1tt62Eu4
Gilan Holding — Vikipediya, · ,/url?q=https://az.wikipedia.org/wiki/Gilan_Holding&sa=U&ved=2ahUKEwiIpdr1ovDrAhWJ2BQKHVP9AKcQFjAMegQIAhAB&usg=AOvVaw1dwdwT0xajjQj380h7Itfz
Gilan Holdinq-də ən son vakansiyalar | Edumap.az, · ,/url?q=https://edumap.az/gilan-holdinq-de-en-son-vakansiyalar/&sa=U&ved=2ahUKEwiIpdr1ovDrAhWJ2BQKHVP9AKcQFjARegQIBhAB&usg=AOvVaw3bg-bT_L-cEzGB9zwMmMaJ
"""Gilan Holding"" işçilər axtarır - VAKANSİYALAR - FED.az",... others) it has established itself as a world-class organisation. Günaydın · KFC · Qaya Real Estate · Vitafarma · Media · Karyera · Əlaqə · Gilan Holdinq · Karyera ...,/url?q=https://fed.az/az/biznes/gilan-holding-isciler-axtarir-vakansiyalar-65329&sa=U&ved=2ahUKEwiIpdr1ovDrAhWJ2BQKHVP9AKcQFjASegQIAxAB&usg=AOvVaw1pB5SYAYeRnx7LRrGHtby9
"""Gilan Holdinq"" 19 vakansiya üzrə işçi axtarır! | Banco.az",: ,/url?q=https://banco.az/az/news/gilan-holdinq-33-vakansiya-uzre-isci-axtarir&sa=U&ved=2ahUKEwiIpdr1ovDrAhWJ2BQKHVP9AKcQFjATegQIBBAB&usg=AOvVaw15KfeDkC9OiJJA_iiGbqk0
Gilan Holding | LinkedIn,: ,/url?q=https://www.linkedin.com/company/gilan-holding&sa=U&ved=2ahUKEwiIpdr1ovDrAhWJ2BQKHVP9AKcQFjAaegQICRAB&usg=AOvVaw12di-tK3fY0A6-1uQsjPO8
Gilan Holding - Admedia Reklam Agentliyi,Gilan Holdinq 1987-ci ildən Azərbaycanda irimiqyaslı layihələrə sərmayələr yatırır. Şirkət Azərbaycan iqtisadiyyatının dünya bazarında iştirakını təmin etməklə ...,/url?q=https://admedia.az/az/portfolio/gilan-holding&sa=U&ved=2ahUKEwiIpdr1ovDrAhWJ2BQKHVP9AKcQFjAbegQICBAB&usg=AOvVaw0_599mJXPOG0GHY4bJguuF
"""Gilan Holding""in və ona daxil olan bir sıra şirkətlərin nizamnamə ...",Təhlükəsizlik əməkdaşı (Qadın) Azərbaycan / Bakı Digər 28-03-2018 Ətraflı Baş Nəzarət Direktoru (Gilan Kənd Təsərrüfatı Qrupu) Azərbaycan / Bakı Kə.,/url?q=https://apa.az/az/sahibkarliq/gilan-holdingin-ve-ona-daxil-olan-bir-sira-sirketlerin-nizamname-kapitallarinin-artirilmasi-gozlenilir-538208&sa=U&ved=2ahUKEwiIpdr1ovDrAhWJ2BQKHVP9AKcQFjAcegQICxAB&usg=AOvVaw3LMjpAdoOyWJb-Jn98xPPE
Socar,"Azərbaycan Respublikası Dövlət Neft Şirkəti (SOCAR) Azərbaycan ərazisindəki neft və qaz yataqlarının axtarışı, kəşfiyyatı və işlənməsi, neftin, qazın və qaz ...",/url?q=http://www.socar.az/&sa=U&ved=2ahUKEwiEktr1ovDrAhUKA2MBHbWUBK0QFjAAegQIBhAB&usg=AOvVaw3IxztbffNnWY-Wgd9jiXoP
KARYERA · SOCAR,SOCAR həyata keçirdiyi sosial və ictimai proqramlardan qürur duyur. Saytımızın bu bölməsində həyata keçirdiyimiz öhdəliklər haqda ətraflı məlumat əldə etmək ...,/url?q=http://85.132.26.15/socar/az/careers/career-at-socar/career-development&sa=U&ved=2ahUKEwiEktr1ovDrAhUKA2MBHbWUBK0QFjAKegQIARAB&usg=AOvVaw3LLnVjjixlXfXTB59OnaDd
SOCAR - Home | Facebook,"SOCAR, Baku, Azerbaijan. 98K likes. Azərbaycan Respublikası Dövlət Neft Şirkətinin rəsmi səhifəsi. Official page of the State Oil Company of Azerbaijan...",/url?q=https://www.facebook.com/SOCARofficial/&sa=U&ved=2ahUKEwiEktr1ovDrAhUKA2MBHbWUBK0QFjALegQIBBAB&usg=AOvVaw1qkvytxExld4eyxHnlLxgc
Azərbaycan Respublikası Dövlət Neft Şirkəti — Vikipediya,"SOCAR) — dünyanın ən böyük milli neft şirkətlərindən biridir. Neftin çıxarılması, daşınması, emalı və istehlakında olduğu üçün inteqrasiya olunmuş şirkətdir.",/url?q=https://az.wikipedia.org/wiki/Az%25C9%2599rbaycan_Respublikas%25C4%25B1_D%25C3%25B6vl%25C9%2599t_Neft_%25C5%259Eirk%25C9%2599ti&sa=U&ved=2ahUKEwiEktr1ovDrAhUKA2MBHbWUBK0QFjAMegQIAxAB&usg=AOvVaw0LuQFw26Tw94hT-TxIdteh
CV göndər - SOCAR AQŞ ::,Nə üçün SOCAR-AQŞ? SOCAR-AQŞ-də karyera · Təhlükəsizlik mədəniyyəti · İşçilərin təkmilləşdirilməsi · İmtiyaz və üstünlüklər · CV göndər · Baş səhifə ...,/url?q=http://www.socar-aqs.com/az/career/apply-cv&sa=U&ved=2ahUKEwiEktr1ovDrAhUKA2MBHbWUBK0QFjARegQIBRAB&usg=AOvVaw0NXr1rVXcaOPXvwO1NxuNw
Əlaqə - SOCAR AQŞ,: ,/url?q=http://www.socar-aqs.com/az/view-page/94/%25C6%258Flaq%25C9%2599&sa=U&ved=2ahUKEwiEktr1ovDrAhUKA2MBHbWUBK0QFjAcegQIBxAB&usg=AOvVaw3enuoj-RkJF6fbquRW0QA-
SOCAR Türkiye - Anasayfa,: ,/url?q=http://www.socar.com.tr/&sa=U&ved=2ahUKEwiEktr1ovDrAhUKA2MBHbWUBK0QFjAdegQIAhAB&usg=AOvVaw03Gci_ttDN7ordtNRcqyzd
